<?xml version="1.0"?>
<extension name="helloworld" version="1.0.0">
  <summary>Hello, World!</summary>
  <description>
This is a Hello-World PHP extension.
  </description>

  <license>PHP</license>

  <maintainers>
    <maintainer>
      <user>rsk</user>
      <name>Ryusuke SEKIYAMA</name>
      <email>rsky0711@gmail.com</email>
      <role>lead</role>
    </maintainer>
  </maintainers>

  <release>
    <version>1.0.0</version>
    <date>2007-09-01</date>
    <state>stable</state>
    <notes>
- My First PHP Extension.
    </notes>
  </release>

  <code position="top"><![CDATA[
#include <ext/standard/php_smart_str.h>
  ]]></code>

  <constants>
    <constant name="HW_INT" value="1" type="int">
        integer: 1
    </constant>
    <constant name="HW_FLT" value="1.0" type="float">
        float: 1.0
    </constant>
    <constant name="HW_STR" value="Hello, World!" type="string">
        string: &quot;Hello, World!&quot;
    </constant>
  </constants>

  <test>
    <title>constants</title>
    <code>printf('%d %0.3f %s', HW_INT, HW_FLT, HW_STR);</code>
    <result mode="plain">1 1.000 Hello, World!</result>
  </test>

  <function name="MINFO" role="internal">
    <code><![CDATA[
php_info_print_table_start();
php_info_print_table_row(2, "Hello World Extension", "enabled");
php_info_print_table_row(2, "Module Version", "1.0.0");
php_info_print_table_end();
    ]]></code>
  </function>

  <function name="helloworld" role="public">
    <proto>void helloworld()</proto>
    <summary>echo Hello, World!</summary>
    <description>
Prints &quot;Hello, World!&quot;.
    </description>
    <code><![CDATA[
php_printf("Hello, World!");
    ]]></code>
    <test>
      <code>helloworld();</code>
      <result mode="plain">Hello, World!</result>
    </test>
  </function>

  <function name="helloworld_get" role="public">
    <proto>string helloworld_get()</proto>
    <summary>get Hello, World!</summary>
    <description>
Gets &quot;Hello, World!&quot;.
    </description>
    <code><![CDATA[
RETURN_STRING("Hello, World!", 1);
    ]]></code>
    <test>
      <code>echo helloworld_get();</code>
      <result mode="plain">Hello, World!</result>
    </test>
  </function>

  <function name="helloworld_set" role="public">
    <proto>void helloworld_set(mixed var)</proto>
    <summary>set Hello, World!</summary>
    <description>
Sets &quot;Hello, World!&quot;.
    </description>
    <code><![CDATA[
zval_dtor(var);
ZVAL_STRING(var, "Hello, World!", 1);
    ]]></code>
    <test>
      <code>helloworld_set($hw); echo $hw;</code>
      <result mode="plain">Hello, World!</result>
    </test>
  </function>

  <function name="helloworld_put" role="public">
    <proto>int helloworld_put(string url)</proto>
    <summary>write Hello, World!</summary>
    <description>
Writes &quot;Hello, World!&quot; to file.
    </description>
    <code><![CDATA[
php_stream *stream;
size_t len;

stream = php_stream_open_wrapper((char *)url, "wb", ENFORCE_SAFE_MODE | REPORT_ERRORS, NULL);
if (stream == NULL) {
	RETURN_FALSE;
}

len = php_stream_write_string(stream, "Hello, World!");

php_stream_close(stream);

RETURN_LONG((long)len);
    ]]></code>
    <test>
      <code>
$file = '_helloworld-put.txt';
echo (strlen('Hello, World!') == helloworld_put($file)) ? '1' : '0';
echo (file_get_contents($file) == 'Hello, World!') ? '1' : '0';
@unlink($file);
      </code>
      <result mode="plain">11</result>
    </test>
  </function>

  <function name="helloworld_repeat" role="public">
    <proto>string helloworld_repeat(int times[, string separator])</proto>
    <summary>repeat Hello, World!</summary>
    <description>
Repeats &quot;Hello, World!&quot;.
    </description>
    <code><![CDATA[
if (times < 0L) {
	php_error(E_WARNING, "Argument 1 should not be a negative number.");
	RETURN_FALSE;
} else {
	smart_str str = {0};
	long n = 0L;

	while (n++ < times) {
		smart_str_appends(&str, "Hello, World!");
		if (separator != NULL && separator_len > 0) {
			smart_str_appendl(&str, separator, separator_len);
		} else {
			smart_str_appendc(&str, ' ');
		}
	}

	if (separator != NULL && separator_len > 0) {
		RETVAL_STRINGL(str.c, str.len - separator_len, 1);
	} else {
		RETVAL_STRINGL(str.c, str.len - 1, 1);
	}
	smart_str_free(&str);
}
    ]]></code>
    <test>
      <code><![CDATA[
echo helloworld_repeat(3, "\n"), "\n";
echo helloworld_repeat(3);
      ]]></code>
      <result mode="plain">Hello, World!
Hello, World!
Hello, World!
Hello, World! Hello, World! Hello, World!</result>
    </test>
  </function>

  <function name="helloworld_array" role="public">
    <proto>array helloworld_array(int times)</proto>
    <summary>array(Hello, World!)</summary>
    <description>
Repeats &quot;Hello, World!&quot; (Array).
    </description>
    <code><![CDATA[
if (times < 0L) {
	zval_dtor(return_value);
	php_error(E_WARNING, "Argument 1 should not be a negative number.");
	RETURN_FALSE;
} else {
	long n = 0L;
	while (n++ < times) {
		add_next_index_string(return_value, "Hello, World!", 1);
	}
}
    ]]></code>
    <test>
      <code>echo implode(' ', helloworld_array(3));</code>
      <result mode="plain">Hello, World! Hello, World! Hello, World!</result>
    </test>
  </function>

  <function name="helloworld_in_array" role="public">
    <proto>bool helloworld_in_array(array arr[, bool ignore_case])</proto>
    <summary>find Hello, World! (value)</summary>
    <description>
Finds &quot;Hello, World!&quot; from array values.
    </description>
    <code><![CDATA[
zval **entry = NULL;

zend_hash_internal_pointer_reset(arr_hash);

while (zend_hash_get_current_data(arr_hash, (void **)&entry) == SUCCESS) {
	if (Z_TYPE_PP(entry) == IS_STRING) {
		if (ignore_case) {
			if (!strcasecmp("Hello, World!", Z_STRVAL_PP(entry))) {
				RETURN_TRUE;
			}
		} else {
			if (!strcmp("Hello, World!", Z_STRVAL_PP(entry))) {
				RETURN_TRUE;
			}
		}
	}
	zend_hash_move_forward(arr_hash);
}

RETURN_FALSE;
    ]]></code>
    <test>
      <code>
echo helloworld_in_array(array('foo', 'var', 'baz')) ? '1' : '0';
echo helloworld_in_array(array('Hello, Work!', 'Hello, World!')) ? '1' : '0';
echo helloworld_in_array(array('hello, work!', 'hello, world!')) ? '1' : '0';
echo helloworld_in_array(array('Hello, Work!', 'Hello, World!'), true) ? '1' : '0';
echo helloworld_in_array(array('hello, work!', 'hello, world!'), true) ? '1' : '0';
      </code>
      <result mode="plain">01011</result>
    </test>
  </function>

  <function name="helloworld_key_exists" role="public">
    <proto>bool helloworld_key_exists(array arr)</proto>
    <summary>find Hello, World! (key)</summary>
    <description>
Finds &quot;Hello, World!&quot; from array keys.
    </description>
    <code><![CDATA[
RETURN_BOOL(zend_hash_exists(arr_hash, "Hello, World!", sizeof("Hello, World!")));
    ]]></code>
    <test>
      <code>
echo helloworld_key_exists(array('Hello, Work!' => 'Hello, World!')) ? '1' : '0';
echo helloworld_key_exists(array('Hello, World!' => 'Hello, Work!')) ? '1' : '0';
      </code>
      <result mode="plain">01</result>
    </test>
  </function>

  <function name="helloworld_say" role="public">
    <proto>bool helloworld_say()</proto>
    <summary>say Hello, World!</summary>
    <description>
Says &quot;Hello, World!&quot; by say(1).
    </description>
    <code><![CDATA[
zval **argv[] = { NULL, NULL, NULL };
zval *command, *output, *result_code, *retval = NULL;
zval func;

MAKE_STD_ZVAL(command);
MAKE_STD_ZVAL(output);
MAKE_STD_ZVAL(result_code);

ZVAL_STRING(command, "say 'Hello, World!'", 1);
ZVAL_NULL(output);
ZVAL_NULL(result_code);
ZVAL_STRING(&func, "exec", 0);

argv[0] = &command;
argv[1] = &output;
argv[2] = &result_code;

if (call_user_function_ex(EG(function_table), NULL, &func,
		&retval, 3, argv, 0, NULL TSRMLS_CC) == FAILURE) {
	RETVAL_FALSE;
} else if (Z_TYPE_P(result_code) == IS_LONG && Z_LVAL_P(result_code) == 0L) {
	RETVAL_TRUE; 
} else {
	RETVAL_FALSE;
}

if (retval != NULL) {
	zval_ptr_dtor(&retval);
}
zval_ptr_dtor(&command);
zval_ptr_dtor(&output);
zval_ptr_dtor(&result_code);
    ]]></code>
    <test>
      <code>echo helloworld_say() ? 'OK' : 'NG';</code>
    </test>
  </function>

  <function name="helloworld_apply" role="public">
    <proto>mixed helloworld_apply(callback func[, array extra_args])</proto>
    <summary>apply Hello, World!</summary>
    <description>
Handle &quot;Hello, World!&quot; with a callback function.
    </description>
    <code><![CDATA[
zval ***argv, ***argp;
zval *arg1;
int argc = 1;
zval *retval = NULL;

if (extra_args_hash != NULL) {
	argc += zend_hash_num_elements(extra_args_hash);
}

argv = (zval ***)emalloc(sizeof(zval **) * argc);
argp = argv;

MAKE_STD_ZVAL(arg1);
ZVAL_STRING(arg1, "Hello, World!", 1);
*argp++ = &arg1;

if (extra_args_hash != NULL) {
	zval **entry;
	zval *arg;

	zend_hash_internal_pointer_reset(extra_args_hash);

	while (zend_hash_get_current_data(extra_args_hash, (void **)&entry) == SUCCESS) {
		MAKE_STD_ZVAL(arg);
		ZVAL_ZVAL(arg, *entry, 1, 0);
		*argp++ = &arg;
		zend_hash_move_forward(extra_args_hash);
	}
}

if (call_user_function_ex(EG(function_table), NULL, func,
		&retval, (zend_uint)argc, argv, 0, NULL TSRMLS_CC) == FAILURE) {
	RETVAL_FALSE;
} else {
	RETVAL_ZVAL(retval, 1, 1);
}

while (argp > argv) {
	zval_ptr_dtor(*(--argp));
}
efree(argv);
    ]]></code>
    <test>
      <code><![CDATA[
echo helloworld_apply('strlen');
echo helloworld_apply('str_repeat', array(3));
     ]]></code>
      <result mode="plain">13Hello, World!Hello, World!Hello, World!</result>
    </test>
  </function>
</extension>
